101,Rebbecca,Didio,rebbecca.didio@didio.com.au,171 E 24th St,9259467047,25-03-1992,female,Administration,Chhatrapati Shivaji Maharaj International Airport
102,Stevie,Hallo,stevie.hallo@hotmail.com,22222 Acoma St,8524744304,18-02-1987,male,Administration,Jomo Kenyatta International Airport
201,Mariko,Stayer,mariko_stayer@hotmail.com,534 Schoenborn St #51,7789215171,07-09-1967,female,Engineer,Dubai International Airport
202,Gerardo,Woodka,gerardo_woodka@hotmail.com,69206 Jackson Ave,8981275986,29-04-1977,male,Engineer,Chhatrapati Shivaji Maharaj International Airport
203,Mayra,Bena,mayra.bena@gmail.com,808 Glen Cove Ave,8373295972,04-07-1965,female,Engineer,Jomo Kenyatta International Airport
301,Idella,Scotland,idella@hotmail.com,373 Lafayette St,8582034568,25-03-1992,female,Traffic_Monitor,Kempegowda International Airport
302,Sherill,Klar,sklar@hotmail.com,87 Sylvan Ave,9552472121,18-02-1987,male,Traffic_Monitor,Chhatrapati Shivaji Maharaj International Airport
303,Ena,Desjardiws,ena_desjardiws@desjardiws.com.au,60562 Ky Rt 321,8779967498,07-09-1967,female,Traffic_Monitor,Jomo Kenyatta International Airport
401,Vince,Siena,vince_siena@yahoo.com,70 S 18th Pl,9856088703,29-04-1977,male,Airport_Authority,Doha International Airport
402,Amira,Chudej,amira.chudej@chudej.net.au,8839 Ventura Blvd,8876012750,04-07-1965,female,Airport_Authority,Melbourne Airport
403,Marica,Tarbor,marica.tarbor@hotmail.com,3684 N Wacker Dr,9338673939,29-04-1977,female,Airport_Authority,Chhatrapati Shivaji Maharaj International Airport
